row,index,S_c,sink_c,S_g,const_g,K_g,m_fm,m_steam,k_eff,mu_air,mu_steam,tc_air,tc_steam,cp_air,cp_steam,rho_solid,TG,TC,Tair,Tsteam,porosity,L_chamber,W_chamber,H_gap,chamber_thickness,L,W,H
1,1001011,34.3743073075,-21.0391514043,-0.00406734551808,4.90381198079,0.0025962077344,16.598841997,0.674840326363,47025.5077269,4.4e-05,4.0422497000000007e-05,0.068,0.10584222450000001,1147.64952448,2343.305,2610.0,1073.15,1123.15,473.15,473.15,0.525,2.2,1.2,0.3,0.03,7.398,5.9,0.55,