T, rho, U, H, S, cv, cp, usound
800, 0.015228, 17166.0, 23820.0, 228.30, 23.51, 31.82, 557.8
900, 0.013536, 19549.0, 27035.0, 232.08, 24.15, 32.47, 589.6
1000, 0.012183, 21994.0, 30311.0, 235.53, 24.73, 33.05, 619.6
1100, 0.011075, 24494.0, 33642.0, 238.71, 25.25, 33.57, 648.1
1200, 0.010153, 27042.0, 37022.0, 241.65, 25.70, 34.02, 675.5
1300, 0.009372, 29633.0, 40444.0, 244.39, 26.10, 34.42, 701.7
