row, Sm_g, Sm_c, nR, Sq_c, Sq_g, sink_c, sink_g, Vdot_air, Vdot_steam, Tsteam, Tair
1,0.100083368636,0.89311753233,69.2793198432,28579761.0346,-1095603.19617,-15739771.0914,-777078.197935,30.9743408452,1.37614631875,473.15,473.15,