row,index,S_c,sink_c,S_g,sink_g,v_air,v_steam,m_fm,m_steam,k_eff,mu_air,mu_steam,tc_air,tc_steam,cp_air,cp_steam,rho_solid,TG,TC,Tair,Tsteam,porosity,L_chamber,W_chamber,H_gap,chamber_thickness,L,W,H
1,0.0,46.9653671672,-26.3168457955,-0.00750001547896,-6.73990466035,0.546590444793,0.674466177139,16.805407704,0.80962388964,34650.3741146,4.4e-05,4.0422497000000007e-05,0.068,0.10584222450000001,1168.37842598,2343.305,2610.0,1073.15,1123.15,473.15,473.15,0.525,2.6,1.0,0.5,0.15,7.398,5.9,0.65,