row, Sm_g, Sm_c, nR, Sq_c, Sq_g, sink_c, sink_g
1,0.109439142358,0.97205385232,75.7555371096,31105723.2742,-1198019.96863,-7064772.46782,-743504.401381,